timestamp,phase,pressure_target_n,slip_estimate_mm,emergency_stop_flag,thumb_cmc_opposition,thumb_cmc_abduction,thumb_mcp_flexion,thumb_ip_flexion,index_mcp_abduction,index_mcp_flexion,index_pip_flexion,index_dip_flexion,middle_mcp_abduction,middle_mcp_flexion,middle_pip_flexion,middle_dip_flexion,ring_mcp_abduction,ring_mcp_flexion,ring_pip_flexion,ring_dip_flexion,little_mcp_abduction,little_mcp_flexion,little_pip_flexion,little_dip_flexion
0.0,preshape,1.2,0.08,false,0.22,0.12,0.22,0.22,0.12,0.22,0.22,0.22,0.12,0.22,0.22,0.22,0.12,0.22,0.22,0.22,0.12,0.22,0.22,0.22
0.02,preshape,1.2103,0.08,false,0.22,0.12,0.22,0.22,0.12,0.22,0.22,0.22,0.12,0.22,0.22,0.22,0.12,0.22,0.22,0.22,0.12,0.22,0.22,0.22
0.04,preshape,1.2206,0.08,false,0.22,0.12,0.22,0.22,0.12,0.22,0.22,0.22,0.12,0.22,0.22,0.22,0.12,0.22,0.22,0.22,0.12,0.22,0.22,0.22
0.06,preshape,1.2309,0.08,false,0.22001,0.12,0.22001,0.22001,0.12,0.22001,0.22001,0.22001,0.12,0.22001,0.22001,0.22001,0.12,0.22001,0.22001,0.22001,0.12,0.22001,0.22001,0.22001
0.08,preshape,1.2412,0.08,false,0.22002,0.12,0.22002,0.22002,0.12,0.22002,0.22002,0.22002,0.12,0.22002,0.22002,0.22002,0.12,0.22002,0.22002,0.22002,0.12,0.22002,0.22002,0.22002
0.1,preshape,1.25151,0.08,false,0.22004,0.12001,0.22004,0.22004,0.12001,0.22004,0.22004,0.22004,0.12001,0.22004,0.22004,0.22004,0.12001,0.22004,0.22004,0.22004,0.12001,0.22004,0.22004,0.22004
0.12,preshape,1.26181,0.08,false,0.22006,0.12001,0.22006,0.22006,0.12001,0.22006,0.22006,0.22006,0.12001,0.22006,0.22006,0.22006,0.12001,0.22006,0.22006,0.22006,0.12001,0.22006,0.22006,0.22006
0.14,preshape,1.27211,0.08,false,0.2201,0.12002,0.2201,0.2201,0.12002,0.2201,0.2201,0.2201,0.12002,0.2201,0.2201,0.2201,0.12002,0.2201,0.2201,0.2201,0.12002,0.2201,0.2201,0.2201
0.16,preshape,1.28241,0.08,false,0.22014,0.12003,0.22014,0.22014,0.12003,0.22014,0.22014,0.22014,0.12003,0.22014,0.22014,0.22014,0.12003,0.22014,0.22014,0.22014,0.12003,0.22014,0.22014,0.22014
0.18,preshape,1.29271,0.08,false,0.2202,0.12004,0.2202,0.2202,0.12004,0.2202,0.2202,0.2202,0.12004,0.2202,0.2202,0.2202,0.12004,0.2202,0.2202,0.2202,0.12004,0.2202,0.2202,0.2202
0.2,preshape,1.30301,0.08,false,0.22028,0.12005,0.22028,0.22028,0.12005,0.22028,0.22028,0.22028,0.12005,0.22028,0.22028,0.22028,0.12005,0.22028,0.22028,0.22028,0.12005,0.22028,0.22028,0.22028
0.22,preshape,1.31331,0.08,false,0.22037,0.12007,0.22037,0.22037,0.12007,0.22037,0.22037,0.22037,0.12007,0.22037,0.22037,0.22037,0.12007,0.22037,0.22037,0.22037,0.12007,0.22037,0.22037,0.22037
0.24,preshape,1.32361,0.08,false,0.22047,0.12009,0.22047,0.22047,0.12009,0.22047,0.22047,0.22047,0.12009,0.22047,0.22047,0.22047,0.12009,0.22047,0.22047,0.22047,0.12009,0.22047,0.22047,0.22047
0.26,preshape,1.33391,0.08,false,0.2206,0.12011,0.2206,0.2206,0.12011,0.2206,0.2206,0.2206,0.12011,0.2206,0.2206,0.2206,0.12011,0.2206,0.2206,0.2206,0.12011,0.2206,0.2206,0.2206
0.28,preshape,1.34421,0.08,false,0.22075,0.12013,0.22075,0.22075,0.12013,0.22075,0.22075,0.22075,0.12013,0.22075,0.22075,0.22075,0.12013,0.22075,0.22075,0.22075,0.12013,0.22075,0.22075,0.22075
0.3,preshape,1.35452,0.08,false,0.22091,0.12016,0.22091,0.22091,0.12016,0.22091,0.22091,0.22091,0.12016,0.22091,0.22091,0.22091,0.12016,0.22091,0.22091,0.22091,0.12016,0.22091,0.22091,0.22091
0.32,preshape,1.36482,0.08,false,0.2211,0.1202,0.2211,0.2211,0.1202,0.2211,0.2211,0.2211,0.1202,0.2211,0.2211,0.2211,0.1202,0.2211,0.2211,0.2211,0.1202,0.2211,0.2211,0.2211
0.34,preshape,1.37512,0.08,false,0.22131,0.12024,0.22131,0.22131,0.12024,0.22131,0.22131,0.22131,0.12024,0.22131,0.22131,0.22131,0.12024,0.22131,0.22131,0.22131,0.12024,0.22131,0.22131,0.22131
0.36,preshape,1.38542,0.08,false,0.22155,0.12028,0.22155,0.22155,0.12028,0.22155,0.22155,0.22155,0.12028,0.22155,0.22155,0.22155,0.12028,0.22155,0.22155,0.22155,0.12028,0.22155,0.22155,0.22155
0.38,preshape,1.39572,0.08,false,0.22182,0.12033,0.22182,0.22182,0.12033,0.22182,0.22182,0.22182,0.12033,0.22182,0.22182,0.22182,0.12033,0.22182,0.22182,0.22182,0.12033,0.22182,0.22182,0.22182
0.4,preshape,1.40602,0.08,false,0.22211,0.12038,0.22211,0.22211,0.12038,0.22211,0.22211,0.22211,0.12038,0.22211,0.22211,0.22211,0.12038,0.22211,0.22211,0.22211,0.12038,0.22211,0.22211,0.22211
0.42,preshape,1.41632,0.08,false,0.22243,0.12044,0.22243,0.22243,0.12044,0.22243,0.22243,0.22243,0.12044,0.22243,0.22243,0.22243,0.12044,0.22243,0.22243,0.22243,0.12044,0.22243,0.22243,0.22243
0.44,preshape,1.42662,0.08,false,0.22277,0.1205,0.22277,0.22277,0.1205,0.22277,0.22277,0.22277,0.1205,0.22277,0.22277,0.22277,0.1205,0.22277,0.22277,0.22277,0.1205,0.22277,0.22277,0.22277
0.46,preshape,1.43692,0.08,false,0.22315,0.12057,0.22315,0.22315,0.12057,0.22315,0.22315,0.22315,0.12057,0.22315,0.22315,0.22315,0.12057,0.22315,0.22315,0.22315,0.12057,0.22315,0.22315,0.22315
0.48,preshape,1.44722,0.08,false,0.22356,0.12064,0.22356,0.22356,0.12064,0.22356,0.22356,0.22356,0.12064,0.22356,0.22356,0.22356,0.12064,0.22356,0.22356,0.22356,0.12064,0.22356,0.22356,0.22356
0.5,preshape,1.45753,0.08,false,0.22401,0.12072,0.22401,0.22401,0.12072,0.22401,0.22401,0.22401,0.12072,0.22401,0.22401,0.22401,0.12072,0.22401,0.22401,0.22401,0.12072,0.22401,0.22401,0.22401
0.52,preshape,1.46783,0.08,false,0.22448,0.1208,0.22448,0.22448,0.1208,0.22448,0.22448,0.22448,0.1208,0.22448,0.22448,0.22448,0.1208,0.22448,0.22448,0.22448,0.1208,0.22448,0.22448,0.22448
0.54,preshape,1.47813,0.08,false,0.22499,0.1209,0.22499,0.22499,0.1209,0.22499,0.22499,0.22499,0.1209,0.22499,0.22499,0.22499,0.1209,0.22499,0.22499,0.22499,0.1209,0.22499,0.22499,0.22499
0.56,preshape,1.48843,0.08,false,0.22554,0.12099,0.22554,0.22554,0.12099,0.22554,0.22554,0.22554,0.12099,0.22554,0.22554,0.22554,0.12099,0.22554,0.22554,0.22554,0.12099,0.22554,0.22554,0.22554
0.58,preshape,1.49873,0.08,false,0.22612,0.1211,0.22612,0.22612,0.1211,0.22612,0.22612,0.22612,0.1211,0.22612,0.22612,0.22612,0.1211,0.22612,0.22612,0.22612,0.1211,0.22612,0.22612,0.22612
0.6,preshape,1.50903,0.08,false,0.22674,0.12121,0.22674,0.22674,0.12121,0.22674,0.22674,0.22674,0.12121,0.22674,0.22674,0.22674,0.12121,0.22674,0.22674,0.22674,0.12121,0.22674,0.22674,0.22674
0.62,preshape,1.51933,0.08,false,0.2274,0.12133,0.2274,0.2274,0.12133,0.2274,0.2274,0.2274,0.12133,0.2274,0.2274,0.2274,0.12133,0.2274,0.2274,0.2274,0.12133,0.2274,0.2274,0.2274
0.64,preshape,1.52963,0.08,false,0.22809,0.12145,0.22809,0.22809,0.12145,0.22809,0.22809,0.22809,0.12145,0.22809,0.22809,0.22809,0.12145,0.22809,0.22809,0.22809,0.12145,0.22809,0.22809,0.22809
0.66,preshape,1.53993,0.08,false,0.22883,0.12158,0.22883,0.22883,0.12158,0.22883,0.22883,0.22883,0.12158,0.22883,0.22883,0.22883,0.12158,0.22883,0.22883,0.22883,0.12158,0.22883,0.22883,0.22883
0.68,preshape,1.55023,0.08,false,0.2296,0.12172,0.2296,0.2296,0.12172,0.2296,0.2296,0.2296,0.12172,0.2296,0.2296,0.2296,0.12172,0.2296,0.2296,0.2296,0.12172,0.2296,0.2296,0.2296
0.7,preshape,1.56054,0.08,false,0.23042,0.12187,0.23042,0.23042,0.12187,0.23042,0.23042,0.23042,0.12187,0.23042,0.23042,0.23042,0.12187,0.23042,0.23042,0.23042,0.12187,0.23042,0.23042,0.23042
0.72,preshape,1.57084,0.08,false,0.23127,0.12202,0.23127,0.23127,0.12202,0.23127,0.23127,0.23127,0.12202,0.23127,0.23127,0.23127,0.12202,0.23127,0.23127,0.23127,0.12202,0.23127,0.23127,0.23127
0.74,preshape,1.58114,0.08,false,0.23217,0.12218,0.23217,0.23217,0.12218,0.23217,0.23217,0.23217,0.12218,0.23217,0.23217,0.23217,0.12218,0.23217,0.23217,0.23217,0.12218,0.23217,0.23217,0.23217
0.76,preshape,1.59144,0.08,false,0.23311,0.12235,0.23311,0.23311,0.12235,0.23311,0.23311,0.23311,0.12235,0.23311,0.23311,0.23311,0.12235,0.23311,0.23311,0.23311,0.12235,0.23311,0.23311,0.23311
0.78,preshape,1.60174,0.08,false,0.2341,0.12253,0.2341,0.2341,0.12253,0.2341,0.2341,0.2341,0.12253,0.2341,0.2341,0.2341,0.12253,0.2341,0.2341,0.2341,0.12253,0.2341,0.2341,0.2341
0.8,preshape,1.61204,0.08,false,0.23513,0.12272,0.23513,0.23513,0.12272,0.23513,0.23513,0.23513,0.12272,0.23513,0.23513,0.23513,0.12272,0.23513,0.23513,0.23513,0.12272,0.23513,0.23513,0.23513
0.82,preshape,1.62234,0.08,false,0.2362,0.12291,0.2362,0.2362,0.12291,0.2362,0.2362,0.2362,0.12291,0.2362,0.2362,0.2362,0.12291,0.2362,0.2362,0.2362,0.12291,0.2362,0.2362,0.2362
0.84,preshape,1.63264,0.08,false,0.23732,0.12311,0.23732,0.23732,0.12311,0.23732,0.23732,0.23732,0.12311,0.23732,0.23732,0.23732,0.12311,0.23732,0.23732,0.23732,0.12311,0.23732,0.23732,0.23732
0.86,preshape,1.64294,0.08,false,0.23848,0.12332,0.23848,0.23848,0.12332,0.23848,0.23848,0.23848,0.12332,0.23848,0.23848,0.23848,0.12332,0.23848,0.23848,0.23848,0.12332,0.23848,0.23848,0.23848
0.88,preshape,1.65324,0.08,false,0.23969,0.12353,0.23969,0.23969,0.12353,0.23969,0.23969,0.23969,0.12353,0.23969,0.23969,0.23969,0.12353,0.23969,0.23969,0.23969,0.12353,0.23969,0.23969,0.23969
0.9,preshape,1.66355,0.08,false,0.24095,0.12376,0.24095,0.24095,0.12376,0.24095,0.24095,0.24095,0.12376,0.24095,0.24095,0.24095,0.12376,0.24095,0.24095,0.24095,0.12376,0.24095,0.24095,0.24095
0.92,preshape,1.67385,0.08,false,0.24225,0.12399,0.24225,0.24225,0.12399,0.24225,0.24225,0.24225,0.12399,0.24225,0.24225,0.24225,0.12399,0.24225,0.24225,0.24225,0.12399,0.24225,0.24225,0.24225
0.94,preshape,1.68415,0.08,false,0.2436,0.12424,0.2436,0.2436,0.12424,0.2436,0.2436,0.2436,0.12424,0.2436,0.2436,0.2436,0.12424,0.2436,0.2436,0.2436,0.12424,0.2436,0.2436,0.2436
0.96,preshape,1.69445,0.08,false,0.245,0.12449,0.245,0.245,0.12449,0.245,0.245,0.245,0.12449,0.245,0.245,0.245,0.12449,0.245,0.245,0.245,0.12449,0.245,0.245,0.245
0.98,preshape,1.70475,0.08,false,0.24644,0.12475,0.24644,0.24644,0.12475,0.24644,0.24644,0.24644,0.12475,0.24644,0.24644,0.24644,0.12475,0.24644,0.24644,0.24644,0.12475,0.24644,0.24644,0.24644
1.0,contact_seek,1.71505,0.08,false,0.24794,0.12501,0.24794,0.24794,0.12501,0.24794,0.24794,0.24794,0.12501,0.24794,0.24794,0.24794,0.12501,0.24794,0.24794,0.24794,0.12501,0.24794,0.24794,0.24794
1.02,contact_seek,1.72535,0.08,false,0.24948,0.12529,0.24948,0.24948,0.12529,0.24948,0.24948,0.24948,0.12529,0.24948,0.24948,0.24948,0.12529,0.24948,0.24948,0.24948,0.12529,0.24948,0.24948,0.24948
1.04,contact_seek,1.73565,0.08,false,0.25107,0.12558,0.25107,0.25107,0.12558,0.25107,0.25107,0.25107,0.12558,0.25107,0.25107,0.25107,0.12558,0.25107,0.25107,0.25107,0.12558,0.25107,0.25107,0.25107
1.06,contact_seek,1.74595,0.08,false,0.25271,0.12587,0.25271,0.25271,0.12587,0.25271,0.25271,0.25271,0.12587,0.25271,0.25271,0.25271,0.12587,0.25271,0.25271,0.25271,0.12587,0.25271,0.25271,0.25271
1.08,contact_seek,1.75625,0.08,false,0.2544,0.12617,0.2544,0.2544,0.12617,0.2544,0.2544,0.2544,0.12617,0.2544,0.2544,0.2544,0.12617,0.2544,0.2544,0.2544,0.12617,0.2544,0.2544,0.2544
1.1,contact_seek,1.76656,0.08,false,0.25614,0.12649,0.25614,0.25614,0.12649,0.25614,0.25614,0.25614,0.12649,0.25614,0.25614,0.25614,0.12649,0.25614,0.25614,0.25614,0.12649,0.25614,0.25614,0.25614
1.12,contact_seek,1.77686,0.08,false,0.25793,0.12681,0.25793,0.25793,0.12681,0.25793,0.25793,0.25793,0.12681,0.25793,0.25793,0.25793,0.12681,0.25793,0.25793,0.25793,0.12681,0.25793,0.25793,0.25793
1.14,contact_seek,1.78716,0.08,false,0.25976,0.12714,0.25976,0.25976,0.12714,0.25976,0.25976,0.25976,0.12714,0.25976,0.25976,0.25976,0.12714,0.25976,0.25976,0.25976,0.12714,0.25976,0.25976,0.25976
1.16,contact_seek,1.79746,0.08,false,0.26165,0.12748,0.26165,0.26165,0.12748,0.26165,0.26165,0.26165,0.12748,0.26165,0.26165,0.26165,0.12748,0.26165,0.26165,0.26165,0.12748,0.26165,0.26165,0.26165
1.18,contact_seek,1.80776,0.08,false,0.26359,0.12782,0.26359,0.26359,0.12782,0.26359,0.26359,0.26359,0.12782,0.26359,0.26359,0.26359,0.12782,0.26359,0.26359,0.26359,0.12782,0.26359,0.26359,0.26359
1.2,contact_seek,1.81806,0.08,false,0.26558,0.12818,0.26558,0.26558,0.12818,0.26558,0.26558,0.26558,0.12818,0.26558,0.26558,0.26558,0.12818,0.26558,0.26558,0.26558,0.12818,0.26558,0.26558,0.26558
1.22,contact_seek,1.82836,0.08,false,0.26762,0.12855,0.26762,0.26762,0.12855,0.26762,0.26762,0.26762,0.12855,0.26762,0.26762,0.26762,0.12855,0.26762,0.26762,0.26762,0.12855,0.26762,0.26762,0.26762
1.24,contact_seek,1.83866,0.08,false,0.26971,0.12892,0.26971,0.26971,0.12892,0.26971,0.26971,0.26971,0.12892,0.26971,0.26971,0.26971,0.12892,0.26971,0.26971,0.26971,0.12892,0.26971,0.26971,0.26971
1.26,contact_seek,1.84896,0.08,false,0.27185,0.12931,0.27185,0.27185,0.12931,0.27185,0.27185,0.27185,0.12931,0.27185,0.27185,0.27185,0.12931,0.27185,0.27185,0.27185,0.12931,0.27185,0.27185,0.27185
1.28,contact_seek,1.85926,0.08,false,0.27404,0.1297,0.27404,0.27404,0.1297,0.27404,0.27404,0.27404,0.1297,0.27404,0.27404,0.27404,0.1297,0.27404,0.27404,0.27404,0.1297,0.27404,0.27404,0.27404
1.3,contact_seek,1.86957,0.08,false,0.27628,0.1301,0.27628,0.27628,0.1301,0.27628,0.27628,0.27628,0.1301,0.27628,0.27628,0.27628,0.1301,0.27628,0.27628,0.27628,0.1301,0.27628,0.27628,0.27628
1.32,contact_seek,1.87987,0.08,false,0.27857,0.13051,0.27857,0.27857,0.13051,0.27857,0.27857,0.27857,0.13051,0.27857,0.27857,0.27857,0.13051,0.27857,0.27857,0.27857,0.13051,0.27857,0.27857,0.27857
1.34,contact_seek,1.89017,0.08,false,0.28091,0.13093,0.28091,0.28091,0.13093,0.28091,0.28091,0.28091,0.13093,0.28091,0.28091,0.28091,0.13093,0.28091,0.28091,0.28091,0.13093,0.28091,0.28091,0.28091
1.36,contact_seek,1.90047,0.08,false,0.2833,0.13136,0.2833,0.2833,0.13136,0.2833,0.2833,0.2833,0.13136,0.2833,0.2833,0.2833,0.13136,0.2833,0.2833,0.2833,0.13136,0.2833,0.2833,0.2833
1.38,contact_seek,1.91077,0.08,false,0.28574,0.1318,0.28574,0.28574,0.1318,0.28574,0.28574,0.28574,0.1318,0.28574,0.28574,0.28574,0.1318,0.28574,0.28574,0.28574,0.1318,0.28574,0.28574,0.28574
1.4,contact_seek,1.92107,0.08,false,0.28823,0.13225,0.28823,0.28823,0.13225,0.28823,0.28823,0.28823,0.13225,0.28823,0.28823,0.28823,0.13225,0.28823,0.28823,0.28823,0.13225,0.28823,0.28823,0.28823
1.42,contact_seek,1.93137,0.08,false,0.29077,0.1327,0.29077,0.29077,0.1327,0.29077,0.29077,0.29077,0.1327,0.29077,0.29077,0.29077,0.1327,0.29077,0.29077,0.29077,0.1327,0.29077,0.29077,0.29077
1.44,contact_seek,1.94167,0.08,false,0.29336,0.13317,0.29336,0.29336,0.13317,0.29336,0.29336,0.29336,0.13317,0.29336,0.29336,0.29336,0.13317,0.29336,0.29336,0.29336,0.13317,0.29336,0.29336,0.29336
1.46,contact_seek,1.95197,0.08,false,0.296,0.13364,0.296,0.296,0.13364,0.296,0.296,0.296,0.13364,0.296,0.296,0.296,0.13364,0.296,0.296,0.296,0.13364,0.296,0.296,0.296
1.48,contact_seek,1.96227,0.08,false,0.29869,0.13412,0.29869,0.29869,0.13412,0.29869,0.29869,0.29869,0.13412,0.29869,0.29869,0.29869,0.13412,0.29869,0.29869,0.29869,0.13412,0.29869,0.29869,0.29869
1.5,contact_seek,1.97258,0.08,false,0.30143,0.13462,0.30143,0.30143,0.13462,0.30143,0.30143,0.30143,0.13462,0.30143,0.30143,0.30143,0.13462,0.30143,0.30143,0.30143,0.13462,0.30143,0.30143,0.30143
1.52,contact_seek,1.98288,0.08,false,0.30422,0.13512,0.30422,0.30422,0.13512,0.30422,0.30422,0.30422,0.13512,0.30422,0.30422,0.30422,0.13512,0.30422,0.30422,0.30422,0.13512,0.30422,0.30422,0.30422
1.54,contact_seek,1.99318,0.08,false,0.30706,0.13563,0.30706,0.30706,0.13563,0.30706,0.30706,0.30706,0.13563,0.30706,0.30706,0.30706,0.13563,0.30706,0.30706,0.30706,0.13563,0.30706,0.30706,0.30706
1.56,contact_seek,2.00348,0.08,false,0.30994,0.13614,0.30994,0.30994,0.13614,0.30994,0.30994,0.30994,0.13614,0.30994,0.30994,0.30994,0.13614,0.30994,0.30994,0.30994,0.13614,0.30994,0.30994,0.30994
1.58,contact_seek,2.01378,0.08,false,0.31288,0.13667,0.31288,0.31288,0.13667,0.31288,0.31288,0.31288,0.13667,0.31288,0.31288,0.31288,0.13667,0.31288,0.31288,0.31288,0.13667,0.31288,0.31288,0.31288
1.6,contact_seek,2.02408,0.08,false,0.31586,0.13721,0.31586,0.31586,0.13721,0.31586,0.31586,0.31586,0.13721,0.31586,0.31586,0.31586,0.13721,0.31586,0.31586,0.31586,0.13721,0.31586,0.31586,0.31586
1.62,contact_seek,2.03438,0.08,false,0.31889,0.13775,0.31889,0.31889,0.13775,0.31889,0.31889,0.31889,0.13775,0.31889,0.31889,0.31889,0.13775,0.31889,0.31889,0.31889,0.13775,0.31889,0.31889,0.31889
1.64,contact_seek,2.04468,0.08,false,0.32196,0.1383,0.32196,0.32196,0.1383,0.32196,0.32196,0.32196,0.1383,0.32196,0.32196,0.32196,0.1383,0.32196,0.32196,0.32196,0.1383,0.32196,0.32196,0.32196
1.66,contact_seek,2.05498,0.08,false,0.32509,0.13886,0.32509,0.32509,0.13886,0.32509,0.32509,0.32509,0.13886,0.32509,0.32509,0.32509,0.13886,0.32509,0.32509,0.32509,0.13886,0.32509,0.32509,0.32509
1.68,contact_seek,2.06528,0.08,false,0.32826,0.13943,0.32826,0.32826,0.13943,0.32826,0.32826,0.32826,0.13943,0.32826,0.32826,0.32826,0.13943,0.32826,0.32826,0.32826,0.13943,0.32826,0.32826,0.32826
1.7,contact_seek,2.07559,0.08,false,0.33147,0.14001,0.33147,0.33147,0.14001,0.33147,0.33147,0.33147,0.14001,0.33147,0.33147,0.33147,0.14001,0.33147,0.33147,0.33147,0.14001,0.33147,0.33147,0.33147
1.72,contact_seek,2.08589,0.08,false,0.33474,0.14059,0.33474,0.33474,0.14059,0.33474,0.33474,0.33474,0.14059,0.33474,0.33474,0.33474,0.14059,0.33474,0.33474,0.33474,0.14059,0.33474,0.33474,0.33474
1.74,contact_seek,2.09619,0.08,false,0.33805,0.14119,0.33805,0.33805,0.14119,0.33805,0.33805,0.33805,0.14119,0.33805,0.33805,0.33805,0.14119,0.33805,0.33805,0.33805,0.14119,0.33805,0.33805,0.33805
1.76,contact_seek,2.10649,0.08,false,0.3414,0.14179,0.3414,0.3414,0.14179,0.3414,0.3414,0.3414,0.14179,0.3414,0.3414,0.3414,0.14179,0.3414,0.3414,0.3414,0.14179,0.3414,0.3414,0.3414
1.78,contact_seek,2.11679,0.08,false,0.3448,0.1424,0.3448,0.3448,0.1424,0.3448,0.3448,0.3448,0.1424,0.3448,0.3448,0.3448,0.1424,0.3448,0.3448,0.3448,0.1424,0.3448,0.3448,0.3448
1.8,contact_seek,2.12709,0.08,false,0.34824,0.14302,0.34824,0.34824,0.14302,0.34824,0.34824,0.34824,0.14302,0.34824,0.34824,0.34824,0.14302,0.34824,0.34824,0.34824,0.14302,0.34824,0.34824,0.34824
1.82,contact_seek,2.13739,0.08,false,0.35173,0.14364,0.35173,0.35173,0.14364,0.35173,0.35173,0.35173,0.14364,0.35173,0.35173,0.35173,0.14364,0.35173,0.35173,0.35173,0.14364,0.35173,0.35173,0.35173
1.84,contact_seek,2.14769,0.08,false,0.35526,0.14428,0.35526,0.35526,0.14428,0.35526,0.35526,0.35526,0.14428,0.35526,0.35526,0.35526,0.14428,0.35526,0.35526,0.35526,0.14428,0.35526,0.35526,0.35526
1.86,contact_seek,2.15799,0.08,false,0.35883,0.14492,0.35883,0.35883,0.14492,0.35883,0.35883,0.35883,0.14492,0.35883,0.35883,0.35883,0.14492,0.35883,0.35883,0.35883,0.14492,0.35883,0.35883,0.35883
1.88,contact_seek,2.16829,0.08,false,0.36244,0.14557,0.36244,0.36244,0.14557,0.36244,0.36244,0.36244,0.14557,0.36244,0.36244,0.36244,0.14557,0.36244,0.36244,0.36244,0.14557,0.36244,0.36244,0.36244
1.9,contact_seek,2.1786,0.08,false,0.3661,0.14622,0.3661,0.3661,0.14622,0.3661,0.3661,0.3661,0.14622,0.3661,0.3661,0.3661,0.14622,0.3661,0.3661,0.3661,0.14622,0.3661,0.3661,0.3661
1.92,contact_seek,2.1889,0.08,false,0.3698,0.14689,0.3698,0.3698,0.14689,0.3698,0.3698,0.3698,0.14689,0.3698,0.3698,0.3698,0.14689,0.3698,0.3698,0.3698,0.14689,0.3698,0.3698,0.3698
1.94,contact_seek,2.1992,0.08,false,0.37354,0.14756,0.37354,0.37354,0.14756,0.37354,0.37354,0.37354,0.14756,0.37354,0.37354,0.37354,0.14756,0.37354,0.37354,0.37354,0.14756,0.37354,0.37354,0.37354
1.96,contact_seek,2.2095,0.08,false,0.37732,0.14824,0.37732,0.37732,0.14824,0.37732,0.37732,0.37732,0.14824,0.37732,0.37732,0.37732,0.14824,0.37732,0.37732,0.37732,0.14824,0.37732,0.37732,0.37732
1.98,contact_seek,2.2198,0.08,false,0.38114,0.14892,0.38114,0.38114,0.14892,0.38114,0.38114,0.38114,0.14892,0.38114,0.38114,0.38114,0.14892,0.38114,0.38114,0.38114,0.14892,0.38114,0.38114,0.38114
2.0,cap_twist,2.2301,0.37091,false,0.38499,0.14961,0.38499,0.38499,0.14961,0.38499,0.38499,0.38499,0.14961,0.38499,0.38499,0.38499,0.14961,0.38499,0.38499,0.38499,0.14961,0.38499,0.38499,0.38499
2.02,cap_twist,2.2404,0.37205,false,0.38889,0.15031,0.38889,0.38889,0.15031,0.38889,0.38889,0.38889,0.15031,0.38889,0.38889,0.38889,0.15031,0.38889,0.38889,0.38889,0.15031,0.38889,0.38889,0.38889
2.04,cap_twist,2.2507,0.37316,false,0.39283,0.15102,0.39283,0.39283,0.15102,0.39283,0.39283,0.39283,0.15102,0.39283,0.39283,0.39283,0.15102,0.39283,0.39283,0.39283,0.15102,0.39283,0.39283,0.39283
2.06,cap_twist,2.261,0.37426,false,0.3968,0.15173,0.3968,0.3968,0.15173,0.3968,0.3968,0.3968,0.15173,0.3968,0.3968,0.3968,0.15173,0.3968,0.3968,0.3968,0.15173,0.3968,0.3968,0.3968
2.08,cap_twist,2.2713,0.37533,false,0.40081,0.15245,0.40081,0.40081,0.15245,0.40081,0.40081,0.40081,0.15245,0.40081,0.40081,0.40081,0.15245,0.40081,0.40081,0.40081,0.15245,0.40081,0.40081,0.40081
2.1,cap_twist,2.28161,0.37639,false,0.40485,0.15318,0.40485,0.40485,0.15318,0.40485,0.40485,0.40485,0.15318,0.40485,0.40485,0.40485,0.15318,0.40485,0.40485,0.40485,0.15318,0.40485,0.40485,0.40485
2.12,cap_twist,2.29191,0.37742,false,0.40893,0.15391,0.40893,0.40893,0.15391,0.40893,0.40893,0.40893,0.15391,0.40893,0.40893,0.40893,0.15391,0.40893,0.40893,0.40893,0.15391,0.40893,0.40893,0.40893
2.14,cap_twist,2.30221,0.37843,false,0.41305,0.15465,0.41305,0.41305,0.15465,0.41305,0.41305,0.41305,0.15465,0.41305,0.41305,0.41305,0.15465,0.41305,0.41305,0.41305,0.15465,0.41305,0.41305,0.41305
2.16,cap_twist,2.31251,0.37941,false,0.4172,0.15539,0.4172,0.4172,0.15539,0.4172,0.4172,0.4172,0.15539,0.4172,0.4172,0.4172,0.15539,0.4172,0.4172,0.4172,0.15539,0.4172,0.4172,0.4172
2.18,cap_twist,2.32281,0.38038,false,0.42138,0.15615,0.42138,0.42138,0.15615,0.42138,0.42138,0.42138,0.15615,0.42138,0.42138,0.42138,0.15615,0.42138,0.42138,0.42138,0.15615,0.42138,0.42138,0.42138
2.2,cap_twist,2.33311,0.38132,false,0.4256,0.1569,0.4256,0.4256,0.1569,0.4256,0.4256,0.4256,0.1569,0.4256,0.4256,0.4256,0.1569,0.4256,0.4256,0.4256,0.1569,0.4256,0.4256,0.4256
2.22,cap_twist,2.34341,0.38224,false,0.42985,0.15766,0.42985,0.42985,0.15766,0.42985,0.42985,0.42985,0.15766,0.42985,0.42985,0.42985,0.15766,0.42985,0.42985,0.42985,0.15766,0.42985,0.42985,0.42985
2.24,cap_twist,2.35371,0.38314,false,0.43412,0.15843,0.43412,0.43412,0.15843,0.43412,0.43412,0.43412,0.15843,0.43412,0.43412,0.43412,0.15843,0.43412,0.43412,0.43412,0.15843,0.43412,0.43412,0.43412
2.26,cap_twist,2.36401,0.38402,false,0.43844,0.15921,0.43844,0.43844,0.15921,0.43844,0.43844,0.43844,0.15921,0.43844,0.43844,0.43844,0.15921,0.43844,0.43844,0.43844,0.15921,0.43844,0.43844,0.43844
2.28,cap_twist,2.37431,0.38487,false,0.44278,0.15999,0.44278,0.44278,0.15999,0.44278,0.44278,0.44278,0.15999,0.44278,0.44278,0.44278,0.15999,0.44278,0.44278,0.44278,0.15999,0.44278,0.44278,0.44278
2.3,cap_twist,2.38462,0.3857,false,0.44715,0.16077,0.44715,0.44715,0.16077,0.44715,0.44715,0.44715,0.16077,0.44715,0.44715,0.44715,0.16077,0.44715,0.44715,0.44715,0.16077,0.44715,0.44715,0.44715
2.32,cap_twist,2.39492,0.38651,false,0.45154,0.16156,0.45154,0.45154,0.16156,0.45154,0.45154,0.45154,0.16156,0.45154,0.45154,0.45154,0.16156,0.45154,0.45154,0.45154,0.16156,0.45154,0.45154,0.45154
2.34,cap_twist,2.40522,0.3873,false,0.45597,0.16235,0.45597,0.45597,0.16235,0.45597,0.45597,0.45597,0.16235,0.45597,0.45597,0.45597,0.16235,0.45597,0.45597,0.45597,0.16235,0.45597,0.45597,0.45597
2.36,cap_twist,2.41552,0.38806,false,0.46042,0.16315,0.46042,0.46042,0.16315,0.46042,0.46042,0.46042,0.16315,0.46042,0.46042,0.46042,0.16315,0.46042,0.46042,0.46042,0.16315,0.46042,0.46042,0.46042
2.38,cap_twist,2.42582,0.3888,false,0.4649,0.16396,0.4649,0.4649,0.16396,0.4649,0.4649,0.4649,0.16396,0.4649,0.4649,0.4649,0.16396,0.4649,0.4649,0.4649,0.16396,0.4649,0.4649,0.4649
2.4,cap_twist,2.43612,0.38952,false,0.46941,0.16477,0.46941,0.46941,0.16477,0.46941,0.46941,0.46941,0.16477,0.46941,0.46941,0.46941,0.16477,0.46941,0.46941,0.46941,0.16477,0.46941,0.46941,0.46941
2.42,cap_twist,2.44642,0.39021,false,0.47394,0.16558,0.47394,0.47394,0.16558,0.47394,0.47394,0.47394,0.16558,0.47394,0.47394,0.47394,0.16558,0.47394,0.47394,0.47394,0.16558,0.47394,0.47394,0.47394
2.44,cap_twist,2.45672,0.39088,false,0.47849,0.1664,0.47849,0.47849,0.1664,0.47849,0.47849,0.47849,0.1664,0.47849,0.47849,0.47849,0.1664,0.47849,0.47849,0.47849,0.1664,0.47849,0.47849,0.47849
2.46,cap_twist,2.46702,0.39153,false,0.48307,0.16722,0.48307,0.48307,0.16722,0.48307,0.48307,0.48307,0.16722,0.48307,0.48307,0.48307,0.16722,0.48307,0.48307,0.48307,0.16722,0.48307,0.48307,0.48307
2.48,cap_twist,2.47732,0.39215,false,0.48767,0.16804,0.48767,0.48767,0.16804,0.48767,0.48767,0.48767,0.16804,0.48767,0.48767,0.48767,0.16804,0.48767,0.48767,0.48767,0.16804,0.48767,0.48767,0.48767
2.5,cap_twist,2.48763,0.39275,false,0.49229,0.16887,0.49229,0.49229,0.16887,0.49229,0.49229,0.49229,0.16887,0.49229,0.49229,0.49229,0.16887,0.49229,0.49229,0.49229,0.16887,0.49229,0.49229,0.49229
2.52,cap_twist,2.49793,0.39333,false,0.49693,0.16971,0.49693,0.49693,0.16971,0.49693,0.49693,0.49693,0.16971,0.49693,0.49693,0.49693,0.16971,0.49693,0.49693,0.49693,0.16971,0.49693,0.49693,0.49693
2.54,cap_twist,2.50823,0.39388,false,0.5016,0.17054,0.5016,0.5016,0.17054,0.5016,0.5016,0.5016,0.17054,0.5016,0.5016,0.5016,0.17054,0.5016,0.5016,0.5016,0.17054,0.5016,0.5016,0.5016
2.56,cap_twist,2.51853,0.39441,false,0.50628,0.17138,0.50628,0.50628,0.17138,0.50628,0.50628,0.50628,0.17138,0.50628,0.50628,0.50628,0.17138,0.50628,0.50628,0.50628,0.17138,0.50628,0.50628,0.50628
2.58,cap_twist,2.52883,0.39492,false,0.51098,0.17223,0.51098,0.51098,0.17223,0.51098,0.51098,0.51098,0.17223,0.51098,0.51098,0.51098,0.17223,0.51098,0.51098,0.51098,0.17223,0.51098,0.51098,0.51098
2.6,cap_twist,2.53913,0.3954,false,0.5157,0.17307,0.5157,0.5157,0.17307,0.5157,0.5157,0.5157,0.17307,0.5157,0.5157,0.5157,0.17307,0.5157,0.5157,0.5157,0.17307,0.5157,0.5157,0.5157
2.62,cap_twist,2.54943,0.39586,false,0.52043,0.17392,0.52043,0.52043,0.17392,0.52043,0.52043,0.52043,0.17392,0.52043,0.52043,0.52043,0.17392,0.52043,0.52043,0.52043,0.17392,0.52043,0.52043,0.52043
2.64,cap_twist,2.55973,0.39629,false,0.52518,0.17478,0.52518,0.52518,0.17478,0.52518,0.52518,0.52518,0.17478,0.52518,0.52518,0.52518,0.17478,0.52518,0.52518,0.52518,0.17478,0.52518,0.52518,0.52518
2.66,cap_twist,2.57003,0.3967,false,0.52995,0.17563,0.52995,0.52995,0.17563,0.52995,0.52995,0.52995,0.17563,0.52995,0.52995,0.52995,0.17563,0.52995,0.52995,0.52995,0.17563,0.52995,0.52995,0.52995
2.68,cap_twist,2.58033,0.39709,false,0.53473,0.17649,0.53473,0.53473,0.17649,0.53473,0.53473,0.53473,0.17649,0.53473,0.53473,0.53473,0.17649,0.53473,0.53473,0.53473,0.17649,0.53473,0.53473,0.53473
2.7,cap_twist,2.59064,0.39745,false,0.53952,0.17735,0.53952,0.53952,0.17735,0.53952,0.53952,0.53952,0.17735,0.53952,0.53952,0.53952,0.17735,0.53952,0.53952,0.53952,0.17735,0.53952,0.53952,0.53952
2.72,cap_twist,2.60094,0.39779,false,0.54433,0.17821,0.54433,0.54433,0.17821,0.54433,0.54433,0.54433,0.17821,0.54433,0.54433,0.54433,0.17821,0.54433,0.54433,0.54433,0.17821,0.54433,0.54433,0.54433
2.74,cap_twist,2.61124,0.39811,false,0.54914,0.17908,0.54914,0.54914,0.17908,0.54914,0.54914,0.54914,0.17908,0.54914,0.54914,0.54914,0.17908,0.54914,0.54914,0.54914,0.17908,0.54914,0.54914,0.54914
2.76,cap_twist,2.62154,0.3984,false,0.55397,0.17994,0.55397,0.55397,0.17994,0.55397,0.55397,0.55397,0.17994,0.55397,0.55397,0.55397,0.17994,0.55397,0.55397,0.55397,0.17994,0.55397,0.55397,0.55397
2.78,cap_twist,2.63184,0.39866,false,0.55881,0.18081,0.55881,0.55881,0.18081,0.55881,0.55881,0.55881,0.18081,0.55881,0.55881,0.55881,0.18081,0.55881,0.55881,0.55881,0.18081,0.55881,0.55881,0.55881
2.8,cap_twist,2.64214,0.3989,false,0.56366,0.18168,0.56366,0.56366,0.18168,0.56366,0.56366,0.56366,0.18168,0.56366,0.56366,0.56366,0.18168,0.56366,0.56366,0.56366,0.18168,0.56366,0.56366,0.56366
2.82,cap_twist,2.65244,0.39912,false,0.56851,0.18255,0.56851,0.56851,0.18255,0.56851,0.56851,0.56851,0.18255,0.56851,0.56851,0.56851,0.18255,0.56851,0.56851,0.56851,0.18255,0.56851,0.56851,0.56851
2.84,cap_twist,2.66274,0.39932,false,0.57338,0.18343,0.57338,0.57338,0.18343,0.57338,0.57338,0.57338,0.18343,0.57338,0.57338,0.57338,0.18343,0.57338,0.57338,0.57338,0.18343,0.57338,0.57338,0.57338
2.86,cap_twist,2.67304,0.39949,false,0.57825,0.1843,0.57825,0.57825,0.1843,0.57825,0.57825,0.57825,0.1843,0.57825,0.57825,0.57825,0.1843,0.57825,0.57825,0.57825,0.1843,0.57825,0.57825,0.57825
2.88,cap_twist,2.68334,0.39963,false,0.58312,0.18518,0.58312,0.58312,0.18518,0.58312,0.58312,0.58312,0.18518,0.58312,0.58312,0.58312,0.18518,0.58312,0.58312,0.58312,0.18518,0.58312,0.58312,0.58312
2.9,cap_twist,2.69365,0.39975,false,0.588,0.18605,0.588,0.588,0.18605,0.588,0.588,0.588,0.18605,0.588,0.588,0.588,0.18605,0.588,0.588,0.588,0.18605,0.588,0.588,0.588
2.92,cap_twist,2.70395,0.39985,false,0.59289,0.18693,0.59289,0.59289,0.18693,0.59289,0.59289,0.59289,0.18693,0.59289,0.59289,0.59289,0.18693,0.59289,0.59289,0.59289,0.18693,0.59289,0.59289,0.59289
2.94,cap_twist,2.71425,0.39992,false,0.59777,0.18781,0.59777,0.59777,0.18781,0.59777,0.59777,0.59777,0.18781,0.59777,0.59777,0.59777,0.18781,0.59777,0.59777,0.59777,0.18781,0.59777,0.59777,0.59777
2.96,cap_twist,2.72455,0.39997,false,0.60266,0.18868,0.60266,0.60266,0.18868,0.60266,0.60266,0.60266,0.18868,0.60266,0.60266,0.60266,0.18868,0.60266,0.60266,0.60266,0.18868,0.60266,0.60266,0.60266
2.98,cap_twist,2.73485,0.4,false,0.60755,0.18956,0.60755,0.60755,0.18956,0.60755,0.60755,0.60755,0.18956,0.60755,0.60755,0.60755,0.18956,0.60755,0.60755,0.60755,0.18956,0.60755,0.60755,0.60755
3.0,slip_recovery,2.74515,0.4,false,0.61245,0.19044,0.61245,0.61245,0.19044,0.61245,0.61245,0.61245,0.19044,0.61245,0.61245,0.61245,0.19044,0.61245,0.61245,0.61245,0.19044,0.61245,0.61245,0.61245
3.02,slip_recovery,2.75545,0.39997,false,0.61734,0.19132,0.61734,0.61734,0.19132,0.61734,0.61734,0.61734,0.19132,0.61734,0.61734,0.61734,0.19132,0.61734,0.61734,0.61734,0.19132,0.61734,0.61734,0.61734
3.04,slip_recovery,2.76575,0.39992,false,0.62223,0.19219,0.62223,0.62223,0.19219,0.62223,0.62223,0.62223,0.19219,0.62223,0.62223,0.62223,0.19219,0.62223,0.62223,0.62223,0.19219,0.62223,0.62223,0.62223
3.06,slip_recovery,2.77605,0.39985,false,0.62711,0.19307,0.62711,0.62711,0.19307,0.62711,0.62711,0.62711,0.19307,0.62711,0.62711,0.62711,0.19307,0.62711,0.62711,0.62711,0.19307,0.62711,0.62711,0.62711
3.08,slip_recovery,2.78635,0.39975,false,0.632,0.19395,0.632,0.632,0.19395,0.632,0.632,0.632,0.19395,0.632,0.632,0.632,0.19395,0.632,0.632,0.632,0.19395,0.632,0.632,0.632
3.1,slip_recovery,2.79666,0.39963,false,0.63688,0.19482,0.63688,0.63688,0.19482,0.63688,0.63688,0.63688,0.19482,0.63688,0.63688,0.63688,0.19482,0.63688,0.63688,0.63688,0.19482,0.63688,0.63688,0.63688
3.12,slip_recovery,2.80696,0.39949,false,0.64175,0.1957,0.64175,0.64175,0.1957,0.64175,0.64175,0.64175,0.1957,0.64175,0.64175,0.64175,0.1957,0.64175,0.64175,0.64175,0.1957,0.64175,0.64175,0.64175
3.14,slip_recovery,2.81726,0.39932,false,0.64662,0.19657,0.64662,0.64662,0.19657,0.64662,0.64662,0.64662,0.19657,0.64662,0.64662,0.64662,0.19657,0.64662,0.64662,0.64662,0.19657,0.64662,0.64662,0.64662
3.16,slip_recovery,2.82756,0.39912,false,0.65149,0.19745,0.65149,0.65149,0.19745,0.65149,0.65149,0.65149,0.19745,0.65149,0.65149,0.65149,0.19745,0.65149,0.65149,0.65149,0.19745,0.65149,0.65149,0.65149
3.18,slip_recovery,2.83786,0.3989,false,0.65634,0.19832,0.65634,0.65634,0.19832,0.65634,0.65634,0.65634,0.19832,0.65634,0.65634,0.65634,0.19832,0.65634,0.65634,0.65634,0.19832,0.65634,0.65634,0.65634
3.2,slip_recovery,2.84816,0.39866,false,0.66119,0.19919,0.66119,0.66119,0.19919,0.66119,0.66119,0.66119,0.19919,0.66119,0.66119,0.66119,0.19919,0.66119,0.66119,0.66119,0.19919,0.66119,0.66119,0.66119
3.22,slip_recovery,2.85846,0.3984,false,0.66603,0.20006,0.66603,0.66603,0.20006,0.66603,0.66603,0.66603,0.20006,0.66603,0.66603,0.66603,0.20006,0.66603,0.66603,0.66603,0.20006,0.66603,0.66603,0.66603
3.24,slip_recovery,2.86876,0.39811,false,0.67086,0.20092,0.67086,0.67086,0.20092,0.67086,0.67086,0.67086,0.20092,0.67086,0.67086,0.67086,0.20092,0.67086,0.67086,0.67086,0.20092,0.67086,0.67086,0.67086
3.26,slip_recovery,2.87906,0.39779,false,0.67567,0.20179,0.67567,0.67567,0.20179,0.67567,0.67567,0.67567,0.20179,0.67567,0.67567,0.67567,0.20179,0.67567,0.67567,0.67567,0.20179,0.67567,0.67567,0.67567
3.28,slip_recovery,2.88936,0.39745,false,0.68048,0.20265,0.68048,0.68048,0.20265,0.68048,0.68048,0.68048,0.20265,0.68048,0.68048,0.68048,0.20265,0.68048,0.68048,0.68048,0.20265,0.68048,0.68048,0.68048
3.3,slip_recovery,2.89967,0.39709,false,0.68527,0.20351,0.68527,0.68527,0.20351,0.68527,0.68527,0.68527,0.20351,0.68527,0.68527,0.68527,0.20351,0.68527,0.68527,0.68527,0.20351,0.68527,0.68527,0.68527
3.32,slip_recovery,2.90997,0.3967,false,0.69005,0.20437,0.69005,0.69005,0.20437,0.69005,0.69005,0.69005,0.20437,0.69005,0.69005,0.69005,0.20437,0.69005,0.69005,0.69005,0.20437,0.69005,0.69005,0.69005
3.34,slip_recovery,2.92027,0.39629,false,0.69482,0.20522,0.69482,0.69482,0.20522,0.69482,0.69482,0.69482,0.20522,0.69482,0.69482,0.69482,0.20522,0.69482,0.69482,0.69482,0.20522,0.69482,0.69482,0.69482
3.36,slip_recovery,2.93057,0.39586,false,0.69957,0.20608,0.69957,0.69957,0.20608,0.69957,0.69957,0.69957,0.20608,0.69957,0.69957,0.69957,0.20608,0.69957,0.69957,0.69957,0.20608,0.69957,0.69957,0.69957
3.38,slip_recovery,2.94087,0.3954,false,0.7043,0.20693,0.7043,0.7043,0.20693,0.7043,0.7043,0.7043,0.20693,0.7043,0.7043,0.7043,0.20693,0.7043,0.7043,0.7043,0.20693,0.7043,0.7043,0.7043
3.4,slip_recovery,2.95117,0.39492,false,0.70902,0.20777,0.70902,0.70902,0.20777,0.70902,0.70902,0.70902,0.20777,0.70902,0.70902,0.70902,0.20777,0.70902,0.70902,0.70902,0.20777,0.70902,0.70902,0.70902
3.42,slip_recovery,2.96147,0.39441,false,0.71372,0.20862,0.71372,0.71372,0.20862,0.71372,0.71372,0.71372,0.20862,0.71372,0.71372,0.71372,0.20862,0.71372,0.71372,0.71372,0.20862,0.71372,0.71372,0.71372
3.44,slip_recovery,2.97177,0.39388,false,0.7184,0.20946,0.7184,0.7184,0.20946,0.7184,0.7184,0.7184,0.20946,0.7184,0.7184,0.7184,0.20946,0.7184,0.7184,0.7184,0.20946,0.7184,0.7184,0.7184
3.46,slip_recovery,2.98207,0.39333,false,0.72307,0.21029,0.72307,0.72307,0.21029,0.72307,0.72307,0.72307,0.21029,0.72307,0.72307,0.72307,0.21029,0.72307,0.72307,0.72307,0.21029,0.72307,0.72307,0.72307
3.48,slip_recovery,2.99237,0.39275,false,0.72771,0.21113,0.72771,0.72771,0.21113,0.72771,0.72771,0.72771,0.21113,0.72771,0.72771,0.72771,0.21113,0.72771,0.72771,0.72771,0.21113,0.72771,0.72771,0.72771
3.5,slip_recovery,3.00268,0.39215,false,0.73233,0.21196,0.73233,0.73233,0.21196,0.73233,0.73233,0.73233,0.21196,0.73233,0.73233,0.73233,0.21196,0.73233,0.73233,0.73233,0.21196,0.73233,0.73233,0.73233
3.52,slip_recovery,3.01298,0.39153,false,0.73693,0.21278,0.73693,0.73693,0.21278,0.73693,0.73693,0.73693,0.21278,0.73693,0.73693,0.73693,0.21278,0.73693,0.73693,0.73693,0.21278,0.73693,0.73693,0.73693
3.54,slip_recovery,3.02328,0.39088,false,0.74151,0.2136,0.74151,0.74151,0.2136,0.74151,0.74151,0.74151,0.2136,0.74151,0.74151,0.74151,0.2136,0.74151,0.74151,0.74151,0.2136,0.74151,0.74151,0.74151
3.56,slip_recovery,3.03358,0.39021,false,0.74606,0.21442,0.74606,0.74606,0.21442,0.74606,0.74606,0.74606,0.21442,0.74606,0.74606,0.74606,0.21442,0.74606,0.74606,0.74606,0.21442,0.74606,0.74606,0.74606
3.58,slip_recovery,3.04388,0.38952,false,0.75059,0.21523,0.75059,0.75059,0.21523,0.75059,0.75059,0.75059,0.21523,0.75059,0.75059,0.75059,0.21523,0.75059,0.75059,0.75059,0.21523,0.75059,0.75059,0.75059
3.6,slip_recovery,3.05418,0.3888,false,0.7551,0.21604,0.7551,0.7551,0.21604,0.7551,0.7551,0.7551,0.21604,0.7551,0.7551,0.7551,0.21604,0.7551,0.7551,0.7551,0.21604,0.7551,0.7551,0.7551
3.62,slip_recovery,3.06448,0.38806,false,0.75958,0.21685,0.75958,0.75958,0.21685,0.75958,0.75958,0.75958,0.21685,0.75958,0.75958,0.75958,0.21685,0.75958,0.75958,0.75958,0.21685,0.75958,0.75958,0.75958
3.64,slip_recovery,3.07478,0.3873,false,0.76403,0.21765,0.76403,0.76403,0.21765,0.76403,0.76403,0.76403,0.21765,0.76403,0.76403,0.76403,0.21765,0.76403,0.76403,0.76403,0.21765,0.76403,0.76403,0.76403
3.66,slip_recovery,3.08508,0.38651,false,0.76846,0.21844,0.76846,0.76846,0.21844,0.76846,0.76846,0.76846,0.21844,0.76846,0.76846,0.76846,0.21844,0.76846,0.76846,0.76846,0.21844,0.76846,0.76846,0.76846
3.68,slip_recovery,3.09538,0.3857,false,0.77285,0.21923,0.77285,0.77285,0.21923,0.77285,0.77285,0.77285,0.21923,0.77285,0.77285,0.77285,0.21923,0.77285,0.77285,0.77285,0.21923,0.77285,0.77285,0.77285
3.7,slip_recovery,3.10569,0.38487,false,0.77722,0.22001,0.77722,0.77722,0.22001,0.77722,0.77722,0.77722,0.22001,0.77722,0.77722,0.77722,0.22001,0.77722,0.77722,0.77722,0.22001,0.77722,0.77722,0.77722
3.72,slip_recovery,3.11599,0.38402,false,0.78156,0.22079,0.78156,0.78156,0.22079,0.78156,0.78156,0.78156,0.22079,0.78156,0.78156,0.78156,0.22079,0.78156,0.78156,0.78156,0.22079,0.78156,0.78156,0.78156
3.74,slip_recovery,3.12629,0.38314,false,0.78588,0.22157,0.78588,0.78588,0.22157,0.78588,0.78588,0.78588,0.22157,0.78588,0.78588,0.78588,0.22157,0.78588,0.78588,0.78588,0.22157,0.78588,0.78588,0.78588
3.76,slip_recovery,3.13659,0.38224,false,0.79015,0.22234,0.79015,0.79015,0.22234,0.79015,0.79015,0.79015,0.22234,0.79015,0.79015,0.79015,0.22234,0.79015,0.79015,0.79015,0.22234,0.79015,0.79015,0.79015
3.78,slip_recovery,3.14689,0.38132,false,0.7944,0.2231,0.7944,0.7944,0.2231,0.7944,0.7944,0.7944,0.2231,0.7944,0.7944,0.7944,0.2231,0.7944,0.7944,0.7944,0.2231,0.7944,0.7944,0.7944
3.8,slip_recovery,3.15719,0.38038,false,0.79862,0.22385,0.79862,0.79862,0.22385,0.79862,0.79862,0.79862,0.22385,0.79862,0.79862,0.79862,0.22385,0.79862,0.79862,0.79862,0.22385,0.79862,0.79862,0.79862
3.82,slip_recovery,3.16749,0.37941,false,0.8028,0.22461,0.8028,0.8028,0.22461,0.8028,0.8028,0.8028,0.22461,0.8028,0.8028,0.8028,0.22461,0.8028,0.8028,0.8028,0.22461,0.8028,0.8028,0.8028
3.84,slip_recovery,3.17779,0.37843,false,0.80695,0.22535,0.80695,0.80695,0.22535,0.80695,0.80695,0.80695,0.22535,0.80695,0.80695,0.80695,0.22535,0.80695,0.80695,0.80695,0.22535,0.80695,0.80695,0.80695
3.86,slip_recovery,3.18809,0.37742,false,0.81107,0.22609,0.81107,0.81107,0.22609,0.81107,0.81107,0.81107,0.22609,0.81107,0.81107,0.81107,0.22609,0.81107,0.81107,0.81107,0.22609,0.81107,0.81107,0.81107
3.88,slip_recovery,3.19839,0.37639,false,0.81515,0.22682,0.81515,0.81515,0.22682,0.81515,0.81515,0.81515,0.22682,0.81515,0.81515,0.81515,0.22682,0.81515,0.81515,0.81515,0.22682,0.81515,0.81515,0.81515
3.9,slip_recovery,3.2087,0.37533,false,0.81919,0.22755,0.81919,0.81919,0.22755,0.81919,0.81919,0.81919,0.22755,0.81919,0.81919,0.81919,0.22755,0.81919,0.81919,0.81919,0.22755,0.81919,0.81919,0.81919
3.92,slip_recovery,3.219,0.37426,false,0.8232,0.22827,0.8232,0.8232,0.22827,0.8232,0.8232,0.8232,0.22827,0.8232,0.8232,0.8232,0.22827,0.8232,0.8232,0.8232,0.22827,0.8232,0.8232,0.8232
3.94,slip_recovery,3.2293,0.37316,false,0.82717,0.22898,0.82717,0.82717,0.22898,0.82717,0.82717,0.82717,0.22898,0.82717,0.82717,0.82717,0.22898,0.82717,0.82717,0.82717,0.22898,0.82717,0.82717,0.82717
3.96,slip_recovery,3.2396,0.37205,false,0.83111,0.22969,0.83111,0.83111,0.22969,0.83111,0.83111,0.83111,0.22969,0.83111,0.83111,0.83111,0.22969,0.83111,0.83111,0.83111,0.22969,0.83111,0.83111,0.83111
3.98,slip_recovery,3.2499,0.37091,false,0.83501,0.23039,0.83501,0.83501,0.23039,0.83501,0.83501,0.83501,0.23039,0.83501,0.83501,0.83501,0.23039,0.83501,0.83501,0.83501,0.23039,0.83501,0.83501,0.83501
4.0,load_hold,3.2602,0.08,false,0.83886,0.23108,0.83886,0.83886,0.23108,0.83886,0.83886,0.83886,0.23108,0.83886,0.83886,0.83886,0.23108,0.83886,0.83886,0.83886,0.23108,0.83886,0.83886,0.83886
4.02,load_hold,3.2705,0.08,false,0.84268,0.23176,0.84268,0.84268,0.23176,0.84268,0.84268,0.84268,0.23176,0.84268,0.84268,0.84268,0.23176,0.84268,0.84268,0.84268,0.23176,0.84268,0.84268,0.84268
4.04,load_hold,3.2808,0.08,false,0.84646,0.23244,0.84646,0.84646,0.23244,0.84646,0.84646,0.84646,0.23244,0.84646,0.84646,0.84646,0.23244,0.84646,0.84646,0.84646,0.23244,0.84646,0.84646,0.84646
4.06,load_hold,3.2911,0.08,false,0.8502,0.23311,0.8502,0.8502,0.23311,0.8502,0.8502,0.8502,0.23311,0.8502,0.8502,0.8502,0.23311,0.8502,0.8502,0.8502,0.23311,0.8502,0.8502,0.8502
4.08,load_hold,3.3014,0.08,false,0.8539,0.23378,0.8539,0.8539,0.23378,0.8539,0.8539,0.8539,0.23378,0.8539,0.8539,0.8539,0.23378,0.8539,0.8539,0.8539,0.23378,0.8539,0.8539,0.8539
4.1,load_hold,3.31171,0.08,false,0.85756,0.23443,0.85756,0.85756,0.23443,0.85756,0.85756,0.85756,0.23443,0.85756,0.85756,0.85756,0.23443,0.85756,0.85756,0.85756,0.23443,0.85756,0.85756,0.85756
4.12,load_hold,3.32201,0.08,false,0.86117,0.23508,0.86117,0.86117,0.23508,0.86117,0.86117,0.86117,0.23508,0.86117,0.86117,0.86117,0.23508,0.86117,0.86117,0.86117,0.23508,0.86117,0.86117,0.86117
4.14,load_hold,3.33231,0.08,false,0.86474,0.23572,0.86474,0.86474,0.23572,0.86474,0.86474,0.86474,0.23572,0.86474,0.86474,0.86474,0.23572,0.86474,0.86474,0.86474,0.23572,0.86474,0.86474,0.86474
4.16,load_hold,3.34261,0.08,false,0.86827,0.23636,0.86827,0.86827,0.23636,0.86827,0.86827,0.86827,0.23636,0.86827,0.86827,0.86827,0.23636,0.86827,0.86827,0.86827,0.23636,0.86827,0.86827,0.86827
4.18,load_hold,3.35291,0.08,false,0.87176,0.23698,0.87176,0.87176,0.23698,0.87176,0.87176,0.87176,0.23698,0.87176,0.87176,0.87176,0.23698,0.87176,0.87176,0.87176,0.23698,0.87176,0.87176,0.87176
4.2,load_hold,3.36321,0.08,false,0.8752,0.2376,0.8752,0.8752,0.2376,0.8752,0.8752,0.8752,0.2376,0.8752,0.8752,0.8752,0.2376,0.8752,0.8752,0.8752,0.2376,0.8752,0.8752,0.8752
4.22,load_hold,3.37351,0.08,false,0.8786,0.23821,0.8786,0.8786,0.23821,0.8786,0.8786,0.8786,0.23821,0.8786,0.8786,0.8786,0.23821,0.8786,0.8786,0.8786,0.23821,0.8786,0.8786,0.8786
4.24,load_hold,3.38381,0.08,false,0.88195,0.23881,0.88195,0.88195,0.23881,0.88195,0.88195,0.88195,0.23881,0.88195,0.88195,0.88195,0.23881,0.88195,0.88195,0.88195,0.23881,0.88195,0.88195,0.88195
4.26,load_hold,3.39411,0.08,false,0.88526,0.23941,0.88526,0.88526,0.23941,0.88526,0.88526,0.88526,0.23941,0.88526,0.88526,0.88526,0.23941,0.88526,0.88526,0.88526,0.23941,0.88526,0.88526,0.88526
4.28,load_hold,3.4,0.08,false,0.88853,0.23999,0.88853,0.88853,0.23999,0.88853,0.88853,0.88853,0.23999,0.88853,0.88853,0.88853,0.23999,0.88853,0.88853,0.88853,0.23999,0.88853,0.88853,0.88853
4.3,load_hold,3.4,0.08,false,0.89174,0.24057,0.89174,0.89174,0.24057,0.89174,0.89174,0.89174,0.24057,0.89174,0.89174,0.89174,0.24057,0.89174,0.89174,0.89174,0.24057,0.89174,0.89174,0.89174
4.32,load_hold,3.4,0.08,false,0.89491,0.24114,0.89491,0.89491,0.24114,0.89491,0.89491,0.89491,0.24114,0.89491,0.89491,0.89491,0.24114,0.89491,0.89491,0.89491,0.24114,0.89491,0.89491,0.89491
4.34,load_hold,3.4,0.08,false,0.89804,0.2417,0.89804,0.89804,0.2417,0.89804,0.89804,0.89804,0.2417,0.89804,0.89804,0.89804,0.2417,0.89804,0.89804,0.89804,0.2417,0.89804,0.89804,0.89804
4.36,load_hold,3.4,0.08,false,0.90111,0.24225,0.90111,0.90111,0.24225,0.90111,0.90111,0.90111,0.24225,0.90111,0.90111,0.90111,0.24225,0.90111,0.90111,0.90111,0.24225,0.90111,0.90111,0.90111
4.38,load_hold,3.4,0.08,false,0.90414,0.24279,0.90414,0.90414,0.24279,0.90414,0.90414,0.90414,0.24279,0.90414,0.90414,0.90414,0.24279,0.90414,0.90414,0.90414,0.24279,0.90414,0.90414,0.90414
4.4,load_hold,3.4,0.08,false,0.90712,0.24333,0.90712,0.90712,0.24333,0.90712,0.90712,0.90712,0.24333,0.90712,0.90712,0.90712,0.24333,0.90712,0.90712,0.90712,0.24333,0.90712,0.90712,0.90712
4.42,load_hold,3.4,0.08,false,0.91006,0.24386,0.91006,0.91006,0.24386,0.91006,0.91006,0.91006,0.24386,0.91006,0.91006,0.91006,0.24386,0.91006,0.91006,0.91006,0.24386,0.91006,0.91006,0.91006
4.44,load_hold,3.4,0.08,false,0.91294,0.24437,0.91294,0.91294,0.24437,0.91294,0.91294,0.91294,0.24437,0.91294,0.91294,0.91294,0.24437,0.91294,0.91294,0.91294,0.24437,0.91294,0.91294,0.91294
4.46,load_hold,3.4,0.08,false,0.91578,0.24488,0.91578,0.91578,0.24488,0.91578,0.91578,0.91578,0.24488,0.91578,0.91578,0.91578,0.24488,0.91578,0.91578,0.91578,0.24488,0.91578,0.91578,0.91578
4.48,load_hold,3.4,0.08,false,0.91857,0.24538,0.91857,0.91857,0.24538,0.91857,0.91857,0.91857,0.24538,0.91857,0.91857,0.91857,0.24538,0.91857,0.91857,0.91857,0.24538,0.91857,0.91857,0.91857
4.5,load_hold,3.4,0.08,false,0.92131,0.24588,0.92131,0.92131,0.24588,0.92131,0.92131,0.92131,0.24588,0.92131,0.92131,0.92131,0.24588,0.92131,0.92131,0.92131,0.24588,0.92131,0.92131,0.92131
4.52,load_hold,3.4,0.08,false,0.924,0.24636,0.924,0.924,0.24636,0.924,0.924,0.924,0.24636,0.924,0.924,0.924,0.24636,0.924,0.924,0.924,0.24636,0.924,0.924,0.924
4.54,load_hold,3.4,0.08,false,0.92664,0.24683,0.92664,0.92664,0.24683,0.92664,0.92664,0.92664,0.24683,0.92664,0.92664,0.92664,0.24683,0.92664,0.92664,0.92664,0.24683,0.92664,0.92664,0.92664
4.56,load_hold,3.4,0.08,false,0.92923,0.2473,0.92923,0.92923,0.2473,0.92923,0.92923,0.92923,0.2473,0.92923,0.92923,0.92923,0.2473,0.92923,0.92923,0.92923,0.2473,0.92923,0.92923,0.92923
4.58,load_hold,3.4,0.08,false,0.93177,0.24775,0.93177,0.93177,0.24775,0.93177,0.93177,0.93177,0.24775,0.93177,0.93177,0.93177,0.24775,0.93177,0.93177,0.93177,0.24775,0.93177,0.93177,0.93177
4.6,load_hold,3.4,0.08,false,0.93426,0.2482,0.93426,0.93426,0.2482,0.93426,0.93426,0.93426,0.2482,0.93426,0.93426,0.93426,0.2482,0.93426,0.93426,0.93426,0.2482,0.93426,0.93426,0.93426
4.62,load_hold,3.4,0.08,false,0.9367,0.24864,0.9367,0.9367,0.24864,0.9367,0.9367,0.9367,0.24864,0.9367,0.9367,0.9367,0.24864,0.9367,0.9367,0.9367,0.24864,0.9367,0.9367,0.9367
4.64,load_hold,3.4,0.08,false,0.93909,0.24907,0.93909,0.93909,0.24907,0.93909,0.93909,0.93909,0.24907,0.93909,0.93909,0.93909,0.24907,0.93909,0.93909,0.93909,0.24907,0.93909,0.93909,0.93909
4.66,load_hold,3.4,0.08,false,0.94143,0.24949,0.94143,0.94143,0.24949,0.94143,0.94143,0.94143,0.24949,0.94143,0.94143,0.94143,0.24949,0.94143,0.94143,0.94143,0.24949,0.94143,0.94143,0.94143
4.68,load_hold,3.4,0.08,false,0.94372,0.2499,0.94372,0.94372,0.2499,0.94372,0.94372,0.94372,0.2499,0.94372,0.94372,0.94372,0.2499,0.94372,0.94372,0.94372,0.2499,0.94372,0.94372,0.94372
4.7,load_hold,3.4,0.08,false,0.94596,0.2503,0.94596,0.94596,0.2503,0.94596,0.94596,0.94596,0.2503,0.94596,0.94596,0.94596,0.2503,0.94596,0.94596,0.94596,0.2503,0.94596,0.94596,0.94596
4.72,load_hold,3.4,0.08,false,0.94815,0.25069,0.94815,0.94815,0.25069,0.94815,0.94815,0.94815,0.25069,0.94815,0.94815,0.94815,0.25069,0.94815,0.94815,0.94815,0.25069,0.94815,0.94815,0.94815
4.74,load_hold,3.4,0.08,false,0.95029,0.25108,0.95029,0.95029,0.25108,0.95029,0.95029,0.95029,0.25108,0.95029,0.95029,0.95029,0.25108,0.95029,0.95029,0.95029,0.25108,0.95029,0.95029,0.95029
4.76,load_hold,3.4,0.08,false,0.95238,0.25145,0.95238,0.95238,0.25145,0.95238,0.95238,0.95238,0.25145,0.95238,0.95238,0.95238,0.25145,0.95238,0.95238,0.95238,0.25145,0.95238,0.95238,0.95238
4.78,load_hold,3.4,0.08,false,0.95442,0.25182,0.95442,0.95442,0.25182,0.95442,0.95442,0.95442,0.25182,0.95442,0.95442,0.95442,0.25182,0.95442,0.95442,0.95442,0.25182,0.95442,0.95442,0.95442
4.8,load_hold,3.4,0.08,false,0.95641,0.25218,0.95641,0.95641,0.25218,0.95641,0.95641,0.95641,0.25218,0.95641,0.95641,0.95641,0.25218,0.95641,0.95641,0.95641,0.25218,0.95641,0.95641,0.95641
4.82,load_hold,3.4,0.08,false,0.95835,0.25252,0.95835,0.95835,0.25252,0.95835,0.95835,0.95835,0.25252,0.95835,0.95835,0.95835,0.25252,0.95835,0.95835,0.95835,0.25252,0.95835,0.95835,0.95835
4.84,load_hold,3.4,0.08,false,0.96024,0.25286,0.96024,0.96024,0.25286,0.96024,0.96024,0.96024,0.25286,0.96024,0.96024,0.96024,0.25286,0.96024,0.96024,0.96024,0.25286,0.96024,0.96024,0.96024
4.86,load_hold,3.4,0.08,false,0.96207,0.25319,0.96207,0.96207,0.25319,0.96207,0.96207,0.96207,0.25319,0.96207,0.96207,0.96207,0.25319,0.96207,0.96207,0.96207,0.25319,0.96207,0.96207,0.96207
4.88,load_hold,3.4,0.08,false,0.96386,0.25351,0.96386,0.96386,0.25351,0.96386,0.96386,0.96386,0.25351,0.96386,0.96386,0.96386,0.25351,0.96386,0.96386,0.96386,0.25351,0.96386,0.96386,0.96386
4.9,load_hold,3.4,0.08,false,0.9656,0.25383,0.9656,0.9656,0.25383,0.9656,0.9656,0.9656,0.25383,0.9656,0.9656,0.9656,0.25383,0.9656,0.9656,0.9656,0.25383,0.9656,0.9656,0.9656
4.92,load_hold,3.4,0.08,false,0.96729,0.25413,0.96729,0.96729,0.25413,0.96729,0.96729,0.96729,0.25413,0.96729,0.96729,0.96729,0.25413,0.96729,0.96729,0.96729,0.25413,0.96729,0.96729,0.96729
4.94,load_hold,3.4,0.08,false,0.96893,0.25442,0.96893,0.96893,0.25442,0.96893,0.96893,0.96893,0.25442,0.96893,0.96893,0.96893,0.25442,0.96893,0.96893,0.96893,0.25442,0.96893,0.96893,0.96893
4.96,load_hold,3.4,0.08,false,0.97052,0.25471,0.97052,0.97052,0.25471,0.97052,0.97052,0.97052,0.25471,0.97052,0.97052,0.97052,0.25471,0.97052,0.97052,0.97052,0.25471,0.97052,0.97052,0.97052
4.98,load_hold,3.4,0.08,false,0.97206,0.25499,0.97206,0.97206,0.25499,0.97206,0.97206,0.97206,0.25499,0.97206,0.97206,0.97206,0.25499,0.97206,0.97206,0.97206,0.25499,0.97206,0.97206,0.97206
5.0,release,3.4,0.08,false,0.97356,0.25525,0.97356,0.97356,0.25525,0.97356,0.97356,0.97356,0.25525,0.97356,0.97356,0.97356,0.25525,0.97356,0.97356,0.97356,0.25525,0.97356,0.97356,0.97356
5.02,release,3.4,0.08,false,0.975,0.25551,0.975,0.975,0.25551,0.975,0.975,0.975,0.25551,0.975,0.975,0.975,0.25551,0.975,0.975,0.975,0.25551,0.975,0.975,0.975
5.04,release,3.4,0.08,false,0.9764,0.25576,0.9764,0.9764,0.25576,0.9764,0.9764,0.9764,0.25576,0.9764,0.9764,0.9764,0.25576,0.9764,0.9764,0.9764,0.25576,0.9764,0.9764,0.9764
5.06,release,3.4,0.08,false,0.97775,0.25601,0.97775,0.97775,0.25601,0.97775,0.97775,0.97775,0.25601,0.97775,0.97775,0.97775,0.25601,0.97775,0.97775,0.97775,0.25601,0.97775,0.97775,0.97775
5.08,release,3.4,0.08,false,0.97905,0.25624,0.97905,0.97905,0.25624,0.97905,0.97905,0.97905,0.25624,0.97905,0.97905,0.97905,0.25624,0.97905,0.97905,0.97905,0.25624,0.97905,0.97905,0.97905
5.1,release,3.4,0.08,false,0.98031,0.25647,0.98031,0.98031,0.25647,0.98031,0.98031,0.98031,0.25647,0.98031,0.98031,0.98031,0.25647,0.98031,0.98031,0.98031,0.25647,0.98031,0.98031,0.98031
5.12,release,3.4,0.08,false,0.98152,0.25668,0.98152,0.98152,0.25668,0.98152,0.98152,0.98152,0.25668,0.98152,0.98152,0.98152,0.25668,0.98152,0.98152,0.98152,0.25668,0.98152,0.98152,0.98152
5.14,release,3.4,0.08,false,0.98268,0.25689,0.98268,0.98268,0.25689,0.98268,0.98268,0.98268,0.25689,0.98268,0.98268,0.98268,0.25689,0.98268,0.98268,0.98268,0.25689,0.98268,0.98268,0.98268
5.16,release,3.4,0.08,false,0.9838,0.25709,0.9838,0.9838,0.25709,0.9838,0.9838,0.9838,0.25709,0.9838,0.9838,0.9838,0.25709,0.9838,0.9838,0.9838,0.25709,0.9838,0.9838,0.9838
5.18,release,3.4,0.08,false,0.98487,0.25728,0.98487,0.98487,0.25728,0.98487,0.98487,0.98487,0.25728,0.98487,0.98487,0.98487,0.25728,0.98487,0.98487,0.98487,0.25728,0.98487,0.98487,0.98487
5.2,release,3.4,0.08,false,0.9859,0.25747,0.9859,0.9859,0.25747,0.9859,0.9859,0.9859,0.25747,0.9859,0.9859,0.9859,0.25747,0.9859,0.9859,0.9859,0.25747,0.9859,0.9859,0.9859
5.22,release,3.4,0.08,false,0.98689,0.25765,0.98689,0.98689,0.25765,0.98689,0.98689,0.98689,0.25765,0.98689,0.98689,0.98689,0.25765,0.98689,0.98689,0.98689,0.25765,0.98689,0.98689,0.98689
5.24,release,3.4,0.08,false,0.98783,0.25782,0.98783,0.98783,0.25782,0.98783,0.98783,0.98783,0.25782,0.98783,0.98783,0.98783,0.25782,0.98783,0.98783,0.98783,0.25782,0.98783,0.98783,0.98783
5.26,release,3.4,0.08,false,0.98873,0.25798,0.98873,0.98873,0.25798,0.98873,0.98873,0.98873,0.25798,0.98873,0.98873,0.98873,0.25798,0.98873,0.98873,0.98873,0.25798,0.98873,0.98873,0.98873
5.28,release,3.4,0.08,false,0.98958,0.25813,0.98958,0.98958,0.25813,0.98958,0.98958,0.98958,0.25813,0.98958,0.98958,0.98958,0.25813,0.98958,0.98958,0.98958,0.25813,0.98958,0.98958,0.98958
5.3,release,3.4,0.08,false,0.9904,0.25828,0.9904,0.9904,0.25828,0.9904,0.9904,0.9904,0.25828,0.9904,0.9904,0.9904,0.25828,0.9904,0.9904,0.9904,0.25828,0.9904,0.9904,0.9904
5.32,release,3.4,0.08,false,0.99117,0.25842,0.99117,0.99117,0.25842,0.99117,0.99117,0.99117,0.25842,0.99117,0.99117,0.99117,0.25842,0.99117,0.99117,0.99117,0.25842,0.99117,0.99117,0.99117
5.34,release,3.4,0.08,false,0.99191,0.25855,0.99191,0.99191,0.25855,0.99191,0.99191,0.99191,0.25855,0.99191,0.99191,0.99191,0.25855,0.99191,0.99191,0.99191,0.25855,0.99191,0.99191,0.99191
5.36,release,3.4,0.08,false,0.9926,0.25867,0.9926,0.9926,0.25867,0.9926,0.9926,0.9926,0.25867,0.9926,0.9926,0.9926,0.25867,0.9926,0.9926,0.9926,0.25867,0.9926,0.9926,0.9926
5.38,release,3.4,0.08,false,0.99326,0.25879,0.99326,0.99326,0.25879,0.99326,0.99326,0.99326,0.25879,0.99326,0.99326,0.99326,0.25879,0.99326,0.99326,0.99326,0.25879,0.99326,0.99326,0.99326
5.4,release,3.4,0.08,false,0.99388,0.2589,0.99388,0.99388,0.2589,0.99388,0.99388,0.99388,0.2589,0.99388,0.99388,0.99388,0.2589,0.99388,0.99388,0.99388,0.2589,0.99388,0.99388,0.99388
5.42,release,3.4,0.08,false,0.99446,0.25901,0.99446,0.99446,0.25901,0.99446,0.99446,0.99446,0.25901,0.99446,0.99446,0.99446,0.25901,0.99446,0.99446,0.99446,0.25901,0.99446,0.99446,0.99446
5.44,release,3.4,0.08,false,0.99501,0.2591,0.99501,0.99501,0.2591,0.99501,0.99501,0.99501,0.2591,0.99501,0.99501,0.99501,0.2591,0.99501,0.99501,0.99501,0.2591,0.99501,0.99501,0.99501
5.46,release,3.4,0.08,false,0.99552,0.2592,0.99552,0.99552,0.2592,0.99552,0.99552,0.99552,0.2592,0.99552,0.99552,0.99552,0.2592,0.99552,0.99552,0.99552,0.2592,0.99552,0.99552,0.99552
5.48,release,3.4,0.08,false,0.99599,0.25928,0.99599,0.99599,0.25928,0.99599,0.99599,0.99599,0.25928,0.99599,0.99599,0.99599,0.25928,0.99599,0.99599,0.99599,0.25928,0.99599,0.99599,0.99599
5.5,release,3.4,0.08,false,0.99644,0.25936,0.99644,0.99644,0.25936,0.99644,0.99644,0.99644,0.25936,0.99644,0.99644,0.99644,0.25936,0.99644,0.99644,0.99644,0.25936,0.99644,0.99644,0.99644
5.52,release,3.4,0.08,false,0.99685,0.25943,0.99685,0.99685,0.25943,0.99685,0.99685,0.99685,0.25943,0.99685,0.99685,0.99685,0.25943,0.99685,0.99685,0.99685,0.25943,0.99685,0.99685,0.99685
5.54,release,3.4,0.08,false,0.99723,0.2595,0.99723,0.99723,0.2595,0.99723,0.99723,0.99723,0.2595,0.99723,0.99723,0.99723,0.2595,0.99723,0.99723,0.99723,0.2595,0.99723,0.99723,0.99723
5.56,release,3.4,0.08,false,0.99757,0.25956,0.99757,0.99757,0.25956,0.99757,0.99757,0.99757,0.25956,0.99757,0.99757,0.99757,0.25956,0.99757,0.99757,0.99757,0.25956,0.99757,0.99757,0.99757
5.58,release,3.4,0.08,false,0.99789,0.25962,0.99789,0.99789,0.25962,0.99789,0.99789,0.99789,0.25962,0.99789,0.99789,0.99789,0.25962,0.99789,0.99789,0.99789,0.25962,0.99789,0.99789,0.99789
5.6,release,3.4,0.08,false,0.99818,0.25967,0.99818,0.99818,0.25967,0.99818,0.99818,0.99818,0.25967,0.99818,0.99818,0.99818,0.25967,0.99818,0.99818,0.99818,0.25967,0.99818,0.99818,0.99818
5.62,release,3.4,0.08,false,0.99845,0.25972,0.99845,0.99845,0.25972,0.99845,0.99845,0.99845,0.25972,0.99845,0.99845,0.99845,0.25972,0.99845,0.99845,0.99845,0.25972,0.99845,0.99845,0.99845
5.64,release,3.4,0.08,false,0.99869,0.25976,0.99869,0.99869,0.25976,0.99869,0.99869,0.99869,0.25976,0.99869,0.99869,0.99869,0.25976,0.99869,0.99869,0.99869,0.25976,0.99869,0.99869,0.99869
5.66,release,3.4,0.08,false,0.9989,0.2598,0.9989,0.9989,0.2598,0.9989,0.9989,0.9989,0.2598,0.9989,0.9989,0.9989,0.2598,0.9989,0.9989,0.9989,0.2598,0.9989,0.9989,0.9989
5.68,release,3.4,0.08,false,0.99909,0.25984,0.99909,0.99909,0.25984,0.99909,0.99909,0.99909,0.25984,0.99909,0.99909,0.99909,0.25984,0.99909,0.99909,0.99909,0.25984,0.99909,0.99909,0.99909
5.7,release,3.4,0.08,false,0.99925,0.25987,0.99925,0.99925,0.25987,0.99925,0.99925,0.99925,0.25987,0.99925,0.99925,0.99925,0.25987,0.99925,0.99925,0.99925,0.25987,0.99925,0.99925,0.99925
5.72,release,3.4,0.08,false,0.9994,0.25989,0.9994,0.9994,0.25989,0.9994,0.9994,0.9994,0.25989,0.9994,0.9994,0.9994,0.25989,0.9994,0.9994,0.9994,0.25989,0.9994,0.9994,0.9994
5.74,release,3.4,0.08,false,0.99953,0.25991,0.99953,0.99953,0.25991,0.99953,0.99953,0.99953,0.25991,0.99953,0.99953,0.99953,0.25991,0.99953,0.99953,0.99953,0.25991,0.99953,0.99953,0.99953
5.76,release,3.4,0.08,false,0.99963,0.25993,0.99963,0.99963,0.25993,0.99963,0.99963,0.99963,0.25993,0.99963,0.99963,0.99963,0.25993,0.99963,0.99963,0.99963,0.25993,0.99963,0.99963,0.99963
5.78,release,3.4,0.08,false,0.99972,0.25995,0.99972,0.99972,0.25995,0.99972,0.99972,0.99972,0.25995,0.99972,0.99972,0.99972,0.25995,0.99972,0.99972,0.99972,0.25995,0.99972,0.99972,0.99972
5.8,release,3.4,0.08,false,0.9998,0.25996,0.9998,0.9998,0.25996,0.9998,0.9998,0.9998,0.25996,0.9998,0.9998,0.9998,0.25996,0.9998,0.9998,0.9998,0.25996,0.9998,0.9998,0.9998
5.82,release,3.4,0.08,false,0.99986,0.25997,0.99986,0.99986,0.25997,0.99986,0.99986,0.99986,0.25997,0.99986,0.99986,0.99986,0.25997,0.99986,0.99986,0.99986,0.25997,0.99986,0.99986,0.99986
5.84,release,3.4,0.08,false,0.9999,0.25998,0.9999,0.9999,0.25998,0.9999,0.9999,0.9999,0.25998,0.9999,0.9999,0.9999,0.25998,0.9999,0.9999,0.9999,0.25998,0.9999,0.9999,0.9999
5.86,release,3.4,0.08,false,0.99994,0.25999,0.99994,0.99994,0.25999,0.99994,0.99994,0.99994,0.25999,0.99994,0.99994,0.99994,0.25999,0.99994,0.99994,0.99994,0.25999,0.99994,0.99994,0.99994
5.88,release,3.4,0.08,false,0.99996,0.25999,0.99996,0.99996,0.25999,0.99996,0.99996,0.99996,0.25999,0.99996,0.99996,0.99996,0.25999,0.99996,0.99996,0.99996,0.25999,0.99996,0.99996,0.99996
5.9,release,3.4,0.08,false,0.99998,0.26,0.99998,0.99998,0.26,0.99998,0.99998,0.99998,0.26,0.99998,0.99998,0.99998,0.26,0.99998,0.99998,0.99998,0.26,0.99998,0.99998,0.99998
5.92,release,3.4,0.08,false,0.99999,0.26,0.99999,0.99999,0.26,0.99999,0.99999,0.99999,0.26,0.99999,0.99999,0.99999,0.26,0.99999,0.99999,0.99999,0.26,0.99999,0.99999,0.99999
5.94,release,3.4,0.08,false,1.0,0.26,1.0,1.0,0.26,1.0,1.0,1.0,0.26,1.0,1.0,1.0,0.26,1.0,1.0,1.0,0.26,1.0,1.0,1.0
5.96,release,3.4,0.08,false,1.0,0.26,1.0,1.0,0.26,1.0,1.0,1.0,0.26,1.0,1.0,1.0,0.26,1.0,1.0,1.0,0.26,1.0,1.0,1.0
5.98,release,3.4,0.08,false,1.0,0.26,1.0,1.0,0.26,1.0,1.0,1.0,0.26,1.0,1.0,1.0,0.26,1.0,1.0,1.0,0.26,1.0,1.0,1.0
